<PAMDataset>
  <PAMRasterBand band="1">
    <Histograms>
      <HistItem>
        <HistMin>1.538461538461538</HistMin>
        <HistMax>14.46153846153846</HistMax>
        <BucketCount>13</BucketCount>
        <IncludeOutOfRange>0</IncludeOutOfRange>
        <Approximate>1</Approximate>
        <HistCounts>3113|65761|0|694|0|0|0|0|0|641|38|675|46</HistCounts>
      </HistItem>
    </Histograms>
    <Metadata>
      <MDI key="STATISTICS_APPROXIMATE">YES</MDI>
      <MDI key="STATISTICS_MAXIMUM">14</MDI>
      <MDI key="STATISTICS_MEAN">3.1550135272235</MDI>
      <MDI key="STATISTICS_MINIMUM">2</MDI>
      <MDI key="STATISTICS_STDDEV">1.3076503741447</MDI>
      <MDI key="STATISTICS_VALID_PERCENT">60.3</MDI>
    </Metadata>
  </PAMRasterBand>
</PAMDataset>
